{
   "swagger": "2.0",
   "info": {
      "version": "1.0.0",
      "title": "Flat",
      "description": "This is the basic information of apartment database where we can find all properties of flat and and their features(id and name). and you can perform the operation of get, put, post and delete flat.",
      "contact": {
         "name": "Pushpendra Singh",
         "email": "pushpendra@code5.org"
      }
   },
   "basePath": "/pushpendra/flat",
   "tags": [
      {
         "name": "flat",
         "description": "It describes a flat in an Apartment."
      }
   ],
   "schemes": [
      "http"
   ],
   "paths": {
      "/flat": {
         "post": {
            "tags": [
               "flat"
            ],
            "summary": "Add new Flat in the database with all properties. All required fields are mandatory marked by star.",
            "operationId": "insertData",
            "consumes": [
               "application/json",
               "application/xml"
            ],
            "produces": [
               "application/xml",
               "application/json"
            ],
            "parameters": [
               {
                  "name": "flat_Properties",
                  "in": "body",
                  "description": "Properties for adding information of a new flat. All Fields are mandatory with their respective type.",
                  "required": true,
                  "schema": {
                     "$ref": "#/definitions/ADD_NEW-FLAT"
                  }
               }
            ],
            "responses": {
               "200": {
                  "description": "Addition of flat successful."
               },
               "400": {
                  "description": "Invalid Input."
               },
               "404": {
                  "description": "Addition of flat unsuccessful."
               }
            }
         },
         "put": {
            "tags": [
               "flat"
            ],
            "summary": "Update Flat-Status of an existing Flat.",
            "operationId": "updateData",
            "consumes": [
               "application/json",
               "application/xml"
            ],
            "produces": [
               "application/xml",
               "application/json"
            ],
            "parameters": [
               {
                  "name": "UPDATE_FLAT-STATUS",
                  "in": "body",
                  "required": true,
                  "description": "For updating status of the existing flat required fields are active and id of the flat.",
                  "schema": {
                     "$ref": "#/definitions/UPDATE_FLAT-STATUS"
                  }
               }
            ],
            "responses": {
               "200": {
                  "description": "Updation Successful"
               },
               "400": {
                  "description": "Invalid Input"
               },
               "404": {
                  "description": "Updation Unsuccessful"
               }
            }
         },
         "get": {
            "tags": [
               "flat"
            ],
            "summary": "get flats according to their fields.",
            "description": "Select your desired field to find the flats. For going to the next page enter last evaluated kes with active, id and price.",
            "operationId": "findFlats",
            "consumes": [
               "application/json",
               "application/xml"
            ],
            "produces": [
               "application/xml",
               "application/json"
            ],
            "parameters": [
               {
                  "name": "active",
                  "in": "query",
                  "description": "select active status of flat",
                  "required": false,
                  "type": "array",
                  "items": {
                     "type": "string",
                     "enum": [
                        "true",
                        "false"
                     ]
                  }
               },
               {
                  "name": "floor",
                  "in": "query",
                  "description": "select floorNo of the flat",
                  "required": false,
                  "type": "array",
                  "items": {
                     "type": "string"
                  }
               },
               {
                  "name": "flattype",
                  "in": "query",
                  "description": "select type of the flat",
                  "required": false,
                  "type": "string"
               },
               {
                  "name": "flat_status",
                  "in": "query",
                  "description": "select flat Status of the flat",
                  "required": false,
                  "type": "array",
                  "items": {
                     "type": "string",
                     "enum": [
                        "available",
                        "reserved",
                        "sold"
                     ],
                     "default": "available"
                  },
                  "collectionFormat": "multi"
               },
               {
                  "name": "features",
                  "in": "query",
                  "description": "select feature_name of the flat",
                  "required": false,
                  "type": "string"
               },
               {
                  "name": "priceSort",
                  "in": "query",
                  "description": "select sorting type ascending:true and descending:false works with only active (hash) property.",
                  "required": false,
                  "type": "string"
               },
               {
                  "name": "lastEvaluatedKeyActive",
                  "in": "query",
                  "description": "enter last active Key  ",
                  "type": "string"
               },
               {
                  "name": "lastEvaluatedKeyId",
                  "in": "query",
                  "description": "enter last id Key  ",
                  "type": "string"
               },
               {
                  "name": "lastEvaluatedKeyPrice",
                  "in": "query",
                  "description": "enter last price key ",
                  "type": "string"
               }
            ],
            "responses": {
               "200": {
                  "description": "successful operation",
                  "schema": {
                     "type": "array",
                     "items": {
                        "$ref": "#/definitions/GET_FLATS"
                     }
                  }
               },
               "400": {
                  "description": "Invalid status value"
               }
            }
         },
         "delete": {
            "tags": [
               "flat"
            ],
            "summary": "delete all record of a single flat",
            "operationId": "removeFlat",
            "consumes": [
               "application/json",
               "application/xml"
            ],
            "produces": [
               "application/xml",
               "application/json"
            ],
            "parameters": [
               {
                  "name": "delete_flat",
                  "in": "body",
                  "description": "Properties for deleting a flat.",
                  "required": true,
                  "schema": {
                     "$ref": "#/definitions/FLAT_DELETE"
                  }
               }
            ],
            "responses": {
               "200": {
                  "description": "Deletion of record successful"
               },
               "400": {
                  "description": "Invalid Input"
               },
               "404": {
                  "description": "Deletion unsuccessful"
               }
            }
         }
      }
   },
   "definitions": {
      "ADD_NEW-FLAT": {
         "type": "object",
         "required": [
            "active",
            "id",
            "name",
            "floor",
            "flattype",
            "flat_status",
            "features",
            "area",
            "pricePerSquare",
            "price",
            "floor_price"
         ],
         "properties": {
            "active": {
               "type": "string",
               "enum": [
                  "true",
                  "false"
               ]
            },
            "id": {
               "type": "string",
               "example": "wohnung1.ogb12"
            },
            "floor": {
               "type": "number",
               "example": 3
            },
            "name": {
               "type": "string",
               "example": "Haus B | Wohnung B12"
            },
            "flattype": {
               "type": "number",
               "example": 4
            },
            "flat_status": {
               "type": "string",
               "enum": [
                  "available",
                  "reserved",
                  "sold"
               ]
            },
            "area": {
               "type": "number",
               "example": 91.64
            },
            "pricePerSquare": {
               "type": "number",
               "example": 2900
            },
            "price": {
               "type": "number",
               "example": 265756
            },
            "features": {
               "type": "array",
               "items": {
                  "type": "string",
                  "example": [
                     "Balkon",
                     "Gäste-Bad"
                  ]
               }
            },
            "floor_price": {
               "type": "number",
               "example": 10000265756
            },
            "description": {
               "type": "array",
               "items": {
                  "type": "string",
                  "example": [
                     "4 Zimmer, Küche, Bad",
                     "Großzügige Balkon",
                     "Gäste-WC",
                     "Waschküche + separater Keller"
                  ]
               }
            },
            "flat_code": {
               "type": "string",
               "example": "B-12"
            },
            "floor_number_text": {
               "type": "string",
               "example": "im Obergeschoss"
            },
            "image": {
               "type": "string",
               "example": "arnsberg-images/OG_B-12_FloorPlan.png"
            },
            "no_of_rooms": {
               "type": "number",
               "example": 3
            },
            "price_sort": {
               "type": "string",
               "example": "true/false",
               "maximum":1
            }
         }
      },
      "GET_FLATS": {
         "type": "object",
         "properties": {
            "active": {
               "type": "string",
               "enum": [
                  "true",
                  "false"
               ],
               "example": "true"
            },
            "floor": {
               "type": "string",
               "example": "4"
            },
            "flattype": {
               "type": "string"
            },
            "flat_status": {
               "type": "string",
               "enum": [
                  "available",
                  "reserved",
                  "sold"
               ],
               "example": "available"
            },
            "features": {
               "type": "array",
               "items": {
                  "type": "string"
               }
            },
            "lastEvaluatedKeyactive": {
               "type": "string"
            },
            "lastEvaluatedKeyflatId": {
               "type": "string"
            },
            "lastEvaluatedKeytotalPrice": {
               "type": "string"
            },
            "priceSort": {
               "type": "string",
               "enum": [
                  "true",
                  "false"
               ]
            }
         }
      },
      "UPDATE_FLAT-STATUS": {
         "type": "object",
         "required": [
            "active",
            "id",
            "flat_status"
         ],
         "properties": {
            "active": {
               "type": "string",
               "example": "true"
            },
            "id": {
               "type": "string",
               "example": "wohnung1.ogb12"
            },
            "flat_status": {
               "type": "string",
               "enum": [
                  "available",
                  "reserved",
                  "sold"
               ],
               "example": "sold"
            }
         }
      },
      "FLAT_DELETE": {
         "type": "object",
         "required": [
            "active",
            "id"
         ],
         "properties": {
            "active": {
               "type": "string",
               "enum": [
                  "true",
                  "false"
               ],
               "example": "true"
            },
            "id": {
               "type": "string",
               "example": "wohnung1.ogb12"
            }
         }
      }
   }
}